min,max
-122.33967909,-122.292429
47.59301,47.630491
